stage,item,qty,unit_price_usd_2026,purpose,source_ref,status
0,VR-capable PC,1,,Unreal 5.8 + PCVR,,owned?
0,VR headset (Quest 3-class),1,,visual world via Link/OpenXR,S47;S48,owned?
0,Reclining chair,1,,body support,,owned?
1,ESP32 dev board (HUZZAH32),2,20,EMG streamer + haptics controller,S55,to-buy
1,DRV2605L haptic driver,4,8,waveform haptics per zone,S54,to-buy
1,ERM/LRA vibration motor,4,2,spatial touch zones,,to-buy
1,TCA9548A I2C multiplexer,1,7,multiple DRV2605L at fixed 0x5A (added during repo setup),,to-buy
2,MyoWare 2.0 Muscle Sensor,1,43,forearm intent (V0),S31;S57,to-buy
2,MyoWare 2.0 Power Shield,1,16,battery power / isolation,S59,to-buy
2,Snap electrodes (pack of 10),3,10,consumable,S57,to-buy
2,USB isolator (ADuM-based),1,30,mains isolation for EMG MCU (added during repo setup),,to-buy
3,MyoWare 2.0 Muscle Sensor,2,43,left/right leg locomotion (V1),S31,later
4,DRV2605L haptic driver,4,8,zones 5-8,S54,later
4,ERM/LRA vibration motor,4,2,zones 5-8,,later
4,Dayton Audio BST-1 bass shaker,1,66,whole-body impact (55-78),S61,later
4,Small audio amplifier for BST-1,1,,drive bass shaker,,later
4,PC/blower fans + MOSFET driver + 12V PSU,1,40,directional airflow,,later
4,bHaptics TactSuit Air (optional),1,320,dense body haptics comparison,S62,optional
V2,MyoWare 2.0 Muscle Sensor (abdomen),1,43,mana core gather,S31,later
V2,Extra vibration motors + drivers (flow path),4,10,core->hand flow,S54,later
V2,Respiration/stretch sensor (optional),1,,breathing signal,,optional
EEG,OpenBCI Ganglion,1,624.99,first EEG (4ch 200Hz),S65;S66,deferred
EEG,OpenBCI Cyton (alternative),1,1249,8ch 250Hz,S39;S67,deferred
EEG,Neurosity Crown (alternative),1,1499,8ch dry C3/C4/CP3/CP4,S38;S69,deferred
